DO,MO2
94.196,2.166990291
91.2935,2.166990291
88.3474,2.097087379
85.1278,2.831067961
81.4262,2.551456311
78.295,2.306796117
75.0563,2.306796117
71.749,2.691262136
67.0343,3.87961165
61.8984,3.495145631
57.9092,2.481553398
54.7119,2.306796117
51.5477,2.586407767
47.8245,2.796116505
36.9968,3.704854369
32.8139,2.551456311
29.4272,2.411650485
25.9272,3.32038835
21.3587,3.215533981
17.5704,2.481553398
14.4251,2.097087379
12.039,1.502912621
10.0994,1.223300971
8.6374,0.873786408
