DO,MO2
86.2645,2.694478528
78.5987,3.047852761
68.7096,3.555828221
60.0279,3.136196319
51.4294,3.334969325
42.0771,4.328834356
32.3291,3.180368098
24.0151,3.003680982
16.5648,2.429447853
11.3477,1.54601227
8.0127,1.01595092
5.8168,0.618404908
4.449,0.485889571
3.6362,0.375460123
