DO,MO2
89.1692,2.935191638
82.2754,3.28641115
74.0601,4.47804878
60.8395,7.174912892
44.1574,6.974216028
30.6877,5.017421603
21.1344,3.28641115
14.8617,2.232752613
10.5438,1.680836237
7.3643,1.141463415
5.2072,0.790243902
3.7203,0.526829268
