DO,MO2
90.6581,2.086624204
85.9615,2.270063694
80.8474,2.338853503
75.9243,2.430573248
70.5612,2.568152866
65.3456,2.292993631
60.3582,2.270063694
56.0727,1.903184713
51.2962,2.522292994
45.6167,2.476433121
40.0152,2.843312102
33.9508,2.774522293
28.4258,2.843312102
22.1155,2.98089172
16.6153,2.201273885
12.3206,1.67388535
9.1755,1.398726115
6.7816,0.894267516
5.1379,0.642038217
3.9537,0.321019108
