DO,MO2
82.0499,2.292086331
71.8081,2.376258993
61.8883,2.117266187
53.1676,2.039568345
43.904,2.194964029
35.0373,2.026618705
26.9726,1.560431655
20.6586,1.385611511
15.2418,1.133093525
11.0281,0.802877698
8.1219,0.576258993
6.0894,0.394964029
4.5373,0.284892086
3.4964,0.239568345
2.7406,0.181294964
2.0799,0.161870504
1.8381,0.135971223
