DO,MO2
89.6857,3.09825784
82.1247,3.424390244
74.4833,3.449477352
67.0335,3.186062718
59.9673,3.048083624
53.1786,2.922648084
46.5587,3.022996516
39.5697,3.16097561
32.4508,3.173519164
25.5669,2.859930314
19.4856,2.583972125
14.4105,1.956794425
10.4456,1.505226481
7.6367,1.078745645
5.6912,0.68989547
4.5639,0.301045296
3.8737,0.275958188
