DO,MO2
80.7012,1.49375
74.0448,1.7
65.2857,1.80625
57.2914,1.8
49.3893,1.71875
40.8363,2.125
30.7398,2.1875
22.0117,1.81875
15.2495,1.26875
10.569,0.76875
7.8034,0.43125
5.9836,0.38125
4.5156,0.23125
3.7236,0.075
3.7409,0.025
3.3625,0.19375
2.5252,0.11875
