DO,MO2
19.5077,2.006968641
18.6238,2.032055749
17.6232,2.082229965
16.7106,2.094773519
15.729,2.458536585
14.6225,2.370731707
13.4231,2.546341463
12.4417,2.220209059
11.4717,2.144947735
10.4744,2.144947735
9.5476,2.094773519
8.7606,1.555400697
7.8898,2.019512195
7.0079,1.981881533
6.1089,2.358188153
5.097,2.220209059
4.1828,1.868989547
3.5273,1.367247387
2.9262,1.417421603
2.3117,1.103832753
1.9025,0.81533101
1.5886,0.664808362
1.2572,0.551916376
0.9793,0.451567944
0.7999,0.426480836
