DO,MO2
89.047,2.370731707
83.7091,2.395818815
78.1929,2.609059233
73.0807,2.571428571
67.4729,2.684320557
61.9096,2.508710801
56.6829,2.471080139
51.3401,2.533797909
45.7345,2.546341463
40.3419,2.483623693
35.1251,2.245296167
30.4473,2.082229965
26.0213,2.107317073
21.9903,1.693379791
18.7082,1.379790941
15.8999,1.128919861
13.502,0.81533101
11.493,0.852961672
10.0046,0.865505226
