DO,MO2
92.3465,1.871590909
87.678,1.881818182
82.9161,1.851136364
78.2019,1.707954545
73.406,1.932954545
68.3663,1.881818182
63.3334,1.626136364
58.146,2.260227273
52.1727,2.229545455
46.8671,1.830681818
42.191,1.748863636
37.4797,1.851136364
33.0167,1.575
27.8985,1.902272727
22.8075,1.953409091
18.0877,1.707954545
13.9298,1.667045455
10.2802,1.155681818
7.8548,0.756818182
6.1846,0.409090909
5.1705,0.286363636
