DO,MO2
94.2955,3.184615385
89.3367,3.553846154
84.1316,3.876923077
78.2643,4.338461538
72.8826,2.907692308
68.5498,3.553846154
63.132,3.6
58.0015,3.276923077
53.7565,2.769230769
49.0601,3.553846154
43.8061,3.646153846
38.5375,3.507692308
33.39,3.507692308
28.4138,3.276923077
23.349,3.553846154
18.7687,2.676923077
15.4281,2.123076923
12.5801,1.8
10.3973,1.292307692
8.6385,1.153846154
7.3527,0.646153846
6.5314,0.6
