DO,MO2
90.3495,3.28641115
83.3104,3.135888502
76.4991,3.261324042
69.2883,3.261324042
60.6675,4.064111498
52.8138,3.374216028
45.415,3.261324042
38.7422,3.186062718
32.2257,2.822299652
26.4667,2.370731707
21.8648,1.956794425
18.1083,1.530313589
15.0301,1.279442509
12.5152,1.066202091
10.451,0.903135889
