DO,MO2
91.1871,4.285714286
86.7089,2.057142857
83.0508,5.028571429
76.9688,4.685714286
72.329,3.028571429
68.172,3.771428571
63.2594,4.628571429
59.3855,2.742857143
54.1321,4.914285714
49.1309,2.514285714
43.8447,6.228571429
37.5917,4.228571429
32.4885,5.085714286
26.756,2.171428571
23.2613,3.771428571
18.4939,3.942857143
14.8372,2.971428571
11.7824,2.571428571
8.9663,2.057142857
7.0996,1.428571429
5.481,1.657142857
4.0209,0.857142857
3.1344,0.971428571
