DO,MO2
91.5082,2.257839721
86.4657,2.609059233
80.8805,2.960278746
75.1915,2.609059233
70.0126,2.483623693
64.492,2.646689895
59.4924,2.320557491
54.4762,2.420905923
49.427,2.358188153
44.7827,2.207665505
40.6276,1.944250871
36.8242,1.793728223
33.3116,1.580487805
29.9772,1.442508711
27.068,1.367247387
24.3804,1.216724739
22.0113,0.990940767
20.016,0.87804878
18.0683,0.903135889
16.2543,0.865505226
14.5421,0.765156794
12.9963,0.740069686
11.6345,0.714982578
10.2831,0.652264808
