DO,MO2
90.6544,2.528571429
87.559,2.614285714
84.0824,3.128571429
80.1341,3.9
75.4109,3.6
71.2719,3.085714286
67.7364,3.085714286
64.3023,3.042857143
60.8303,2.871428571
57.3601,3.3
54.1972,2.442857143
51.2253,2.528571429
47.9424,3
43.728,3.428571429
39.8461,3.257142857
36.1639,2.957142857
32.688,3.642857143
28.3907,3.514285714
24.4115,3.128571429
21.0437,2.828571429
17.263,3.557142857
14.3144,2.057142857
11.5263,2.442857143
8.7979,1.628571429
7.1945,1.371428571
5.5253,1.414285714
