DO,MO2
90.9103,1.661538462
86.4747,1.778698225
82.092,1.768047337
77.5503,2.055621302
72.6233,1.810650888
68.1712,1.778698225
63.607,1.768047337
59.3448,1.725443787
55.0169,1.746745562
50.9869,1.523076923
47.3599,1.512426036
42.814,1.821301775
38.6143,1.565680473
34.6601,1.672189349
30.6423,1.501775148
26.6475,1.672189349
22.2998,1.863905325
18.0956,1.469822485
14.5596,1.437869822
10.7374,1.544378698
7.4276,1.182248521
5.0005,0.820118343
3.1526,0.734911243
1.639,0.628402367
0.4387,0.426035503
