DO,MO2
92.9181,3.702857143
86.9017,4.062857143
80.681,3.805714286
74.7522,3.805714286
69.2954,3.651428571
63.1957,3.805714286
57.378,3.908571429
51.9982,3.394285714
45.8992,3.96
40.1108,3.702857143
33.6345,4.422857143
27.4506,4.114285714
22.7459,2.365714286
18.9446,2.622857143
15.3485,1.748571429
12.5948,1.8
10.3981,1.08
8.7644,1.08
7.2569,0.822857143
