DO,MO2
93.0375,1.568807339
88.0594,1.544036697
82.8614,1.552293578
77.7759,1.552293578
72.8016,1.535779817
67.799,1.494495413
62.7278,1.560550459
57.618,1.486238532
52.4902,1.552293578
47.3698,1.535779817
42.5569,1.511009174
37.3109,1.502752294
32.4171,1.444954128
27.2911,1.618348624
22.0986,1.618348624
17.0969,1.420183486
12.8176,1.205504587
9.3543,0.908256881
6.8134,0.67706422
4.9604,0.437614679
3.7652,0.305504587
3.1081,0.189908257
