DO,MO2
82.0701,2.759581882
71.6196,2.947735192
61.3889,2.709407666
52.4325,2.458536585
42.9651,2.709407666
33.8281,2.508710801
25.4333,2.044599303
18.8754,1.743554007
13.215,1.417421603
8.757,1.041114983
5.6981,0.740069686
3.5211,0.50174216
1.9113,0.401393728
0.7901,0.338675958
0.0256,0.238327526
