DO,MO2
89.17249124,2.67804878
83.1233564,2.72195122
77.14621206,2.831707317
70.37056523,3.095121951
61.88603203,4.126829268
54.07864592,3.182926829
33.8314871,3.973170732
26.23714302,2.831707317
20.27875985,2.7
15.03610568,2.041463415
11.60455816,1.075609756
8.889051283,1.141463415
6.806998546,0.636585366
5.521578429,0.482926829
