DO,MO2
86.827,3.53728223
78.4188,4.064111498
69.6334,3.926132404
61.2449,3.737979094
52.8105,4.2271777
43.7911,3.926132404
34.6961,4.302439024
25.9825,3.22369338
19.767,2.759581882
14.6682,1.969337979
11.0477,1.141463415
8.9893,0.903135889
7.1576,0.765156794
5.5178,0.714982578
4.0386,0.6271777
2.8072,0.56445993
1.7652,0.50174216
0.9603,0.338675958
