DO,MO2
93.87907549,1.872
90.28599391,1.608
87.05106455,1.704
83.60036138,1.8
80.12424015,1.68
77.27934435,1.368
74.11638103,1.632
70.84086979,2.016
67.21068655,1.128
63.86687594,2.064
60.35738185,1.344
57.39030537,1.176
54.55759035,1.56
50.95487601,1.896
43.1831032,1.464
40.04052405,1.632
36.63170784,2.28
33.24228145,2.016
29.83961778,2.208
25.92846868,0.432
23.55327869,1.536
21.36446705,0.048
22.01464727,0.216
20.67904958,0.84
